<?xml version="1.0" encoding="UTF-8"?>
<con:soapui-project id="8262a1bc-8709-43b9-9f46-791954bc5d84" activeEnvironment="Default" name="kata-rest e2e Test" resourceRoot="" defaultScriptLanguage="Groovy" soapui-version="5.3.0" abortOnError="false" runType="SEQUENTIAL" xmlns:con="http://eviware.com/soapui/config"><con:settings><con:setting id="com.eviware.soapui.impl.wsdl.actions.iface.tools.soapui.TestRunnerAction@values-local"><![CDATA[<xml-fragment xmlns:con="http://eviware.com/soapui/config">
  <con:entry key="Report Format(s)" value=""/>
  <con:entry key="Host:Port" value=""/>
  <con:entry key="Export JUnit Results" value="false"/>
  <con:entry key="Export All" value="false"/>
  <con:entry key="Save After" value="false"/>
  <con:entry key="Add Settings" value="false"/>
  <con:entry key="WSS Password Type" value=""/>
  <con:entry key="TestSuite" value="TestSuite"/>
  <con:entry key="Endpoint" value=""/>
  <con:entry key="Select Report Type" value=""/>
  <con:entry key="System Properties" value=""/>
  <con:entry key="Password" value=""/>
  <con:entry key="Print Report" value="true"/>
  <con:entry key="Open Report" value="false"/>
  <con:entry key="Export JUnit Results with test properties" value="false"/>
  <con:entry key="Global Properties" value=""/>
  <con:entry key="Project Properties" value=""/>
  <con:entry key="Project Password" value=""/>
  <con:entry key="TestCase" value="TestCase"/>
  <con:entry key="Username" value=""/>
  <con:entry key="user-settings.xml Password" value=""/>
  <con:entry key="TestRunner Path" value=""/>
  <con:entry key="Environment" value="Default"/>
  <con:entry key="Coverage Report" value="false"/>
  <con:entry key="Enable UI" value="false"/>
  <con:entry key="Root Folder" value=""/>
  <con:entry key="Ignore Errors" value="false"/>
  <con:entry key="Domain" value=""/>
  <con:entry key="Tool Args" value=""/>
  <con:entry key="Save Project" value="false"/>
</xml-fragment>]]></con:setting></con:settings><con:interface xsi:type="con:RestService" id="091b0f2d-cb8f-478e-8df7-eb0d812acc57" wadlVersion="http://wadl.dev.java.net/2009/02" name="http://localhost:8080" type="rest" xmlns:xsi="http://www.w3.org/2001/XMLSchema-instance"><con:settings/><con:definitionCache type="TEXT" rootPart=""/><con:endpoints><con:endpoint>http://localhost:8080</con:endpoint></con:endpoints><con:resource name="" path="/kata-rest/services/weatherdata" id="9d948b18-bb32-4e50-a2fb-c781cb151f9f"><con:settings/><con:parameters/><con:resource name="33333" path="33333" id="fe513856-15d3-46b6-9441-145258ba50c9"><con:settings/><con:parameters/><con:method name="findExistData" id="65cd2458-4e2a-47d0-9ea1-777665f6ee0a" method="GET"><con:settings/><con:parameters/><con:representation type="FAULT"><con:mediaType>text/html</con:mediaType><con:status>404</con:status><con:params/><con:element xmlns:xht="http://www.w3.org/1999/xhtml">xht:html</con:element></con:representation><con:request name="NotFound" id="683a46f2-361c-4ae7-9570-fcc0a6ca8cd5" mediaType="application/json"><con:settings><con:setting id="com.eviware.soapui.impl.wsdl.WsdlRequest@request-headers">&lt;entry key="Accept" value="application/json" xmlns="http://eviware.com/soapui/config"/></con:setting></con:settings><con:endpoint>http://localhost:8080</con:endpoint><con:request/><con:originalUri>http://localhost/kata-rest/services/33333</con:originalUri><con:credentials><con:authType>No Authorization</con:authType></con:credentials><con:jmsConfig JMSDeliveryMode="PERSISTENT"/><con:jmsPropertyConfig/><con:parameters/></con:request></con:method></con:resource><con:resource name="20987" path="20987" id="bcc13c61-5691-40f5-aad8-bee486245280"><con:settings/><con:parameters/><con:method name="findExistData" id="159aff50-842d-4d0e-a8e0-9f908ac415bf" method="GET"><con:settings/><con:parameters/><con:representation type="RESPONSE"><con:mediaType>application/json</con:mediaType><con:status>200</con:status><con:params/><con:element xmlns:ns="http://localhost/kata-rest/services/20987">ns:Response</con:element></con:representation><con:request name="Request-OK" id="ed5e19ed-87ac-4889-af5a-3dc1a2b48497" mediaType="application/json"><con:settings><con:setting id="com.eviware.soapui.impl.wsdl.WsdlRequest@request-headers">&lt;entry key="Accept" value="application/json" xmlns="http://eviware.com/soapui/config"/></con:setting></con:settings><con:endpoint>http://localhost:8080</con:endpoint><con:request/><con:originalUri>http://localhost/kata-rest/services/20987</con:originalUri><con:credentials><con:authType>No Authorization</con:authType></con:credentials><con:jmsConfig JMSDeliveryMode="PERSISTENT"/><con:jmsPropertyConfig/><con:parameters/></con:request></con:method><con:method name="updateData" id="d7d5ce6c-b31f-4f31-8171-312dd71a5a1a" method="PUT"><con:settings/><con:parameters/><con:representation type="REQUEST"><con:mediaType>application/json</con:mediaType><con:params/></con:representation><con:representation type="FAULT"><con:mediaType>text/html</con:mediaType><con:status>400</con:status><con:params/><con:element xmlns:xht="http://www.w3.org/1999/xhtml">xht:html</con:element></con:representation><con:representation type="RESPONSE"><con:mediaType xsi:nil="true"/><con:status>200</con:status><con:params/><con:element>data</con:element></con:representation><con:request name="Request-OK" id="dfd001ff-3ea2-4928-b5f9-05c42d4e370e" mediaType="application/json" postQueryString="false"><con:settings><con:setting id="com.eviware.soapui.impl.wsdl.WsdlRequest@request-headers">&lt;xml-fragment/></con:setting></con:settings><con:endpoint>http://localhost:8080</con:endpoint><con:request>{
   "id": 20987,
   "atmosphericPressure": 1000.67,
   "density": 2.6,
   "temperature": 20.4,
   "windDirection": 45,
   "windSpeed": 12.11
}</con:request><con:credentials><con:authType>No Authorization</con:authType></con:credentials><con:jmsConfig JMSDeliveryMode="PERSISTENT"/><con:jmsPropertyConfig/><con:parameters/></con:request><con:request name="BadRequest" id="dfd001ff-3ea2-4928-b5f9-05c42d4e370e" mediaType="application/json" postQueryString="false"><con:settings><con:setting id="com.eviware.soapui.impl.wsdl.WsdlRequest@request-headers">&lt;xml-fragment/></con:setting></con:settings><con:endpoint>http://localhost:8080</con:endpoint><con:request>{
   "id": 11111,
   "atmosphericPressure": 1000.67,
   "density": 2.6,
   "temperature": 20.4,
   "windDirection": 45,
   "windSpeed": 12.11
}</con:request><con:originalUri>http://localhost/kata-rest/services/20987</con:originalUri><con:credentials><con:authType>No Authorization</con:authType></con:credentials><con:jmsConfig JMSDeliveryMode="PERSISTENT"/><con:jmsPropertyConfig/><con:parameters/></con:request></con:method></con:resource><con:resource name="588" path="588" id="73006782-f822-4c68-a794-ca882ff03594"><con:settings/><con:parameters/><con:method name="storeNewData" id="2db6d501-43f7-4e5f-a00d-eacd629e1f1b" method="PUT"><con:settings/><con:parameters/><con:representation type="REQUEST"><con:mediaType>application/json</con:mediaType><con:params/></con:representation><con:representation type="RESPONSE"><con:mediaType xsi:nil="true"/><con:status>201</con:status><con:params/><con:element>data</con:element></con:representation><con:representation type="RESPONSE"><con:mediaType xsi:nil="true"/><con:status>201</con:status><con:params/><con:element>data</con:element></con:representation><con:representation type="RESPONSE"><con:mediaType xsi:nil="true"/><con:status>201</con:status><con:params/><con:element>data</con:element></con:representation><con:representation type="RESPONSE"><con:mediaType xsi:nil="true"/><con:status>201</con:status><con:params/><con:element>data</con:element></con:representation><con:representation type="RESPONSE"><con:mediaType xsi:nil="true"/><con:status>201</con:status><con:params/><con:element>data</con:element></con:representation><con:representation type="RESPONSE"><con:mediaType xsi:nil="true"/><con:status>201</con:status><con:params/><con:element>data</con:element></con:representation><con:representation type="RESPONSE"><con:mediaType xsi:nil="true"/><con:status>200</con:status><con:params/><con:element>data</con:element></con:representation><con:representation type="RESPONSE"><con:mediaType xsi:nil="true"/><con:status>200</con:status><con:params/><con:element>data</con:element></con:representation><con:representation type="RESPONSE"><con:mediaType xsi:nil="true"/><con:status>200</con:status><con:params/><con:element>data</con:element></con:representation><con:representation type="RESPONSE"><con:mediaType xsi:nil="true"/><con:status>201</con:status><con:params/><con:element>data</con:element></con:representation><con:representation type="RESPONSE"><con:mediaType xsi:nil="true"/><con:status>200</con:status><con:params/><con:element>data</con:element></con:representation><con:representation type="RESPONSE"><con:mediaType xsi:nil="true"/><con:status>200</con:status><con:params/><con:element>data</con:element></con:representation><con:representation type="FAULT"><con:mediaType>text/html</con:mediaType><con:status>400</con:status><con:params/><con:element xmlns:xht="http://www.w3.org/1999/xhtml">xht:html</con:element></con:representation><con:request name="Created" id="fb46106a-0819-4f2c-8a8b-bb13325795b6" mediaType="application/json" postQueryString="false"><con:settings><con:setting id="com.eviware.soapui.impl.wsdl.WsdlRequest@request-headers">&lt;xml-fragment/></con:setting></con:settings><con:endpoint>http://localhost:8080</con:endpoint><con:request>{
   "id": 588,
   "atmosphericPressure": 1022.1,
   "density": 2.9,
   "temperature": 0.4,
   "windDirection": 0,
   "windSpeed": 12.33
}</con:request><con:originalUri>http://localhost/kata-rest/services/588</con:originalUri><con:credentials><con:authType>No Authorization</con:authType></con:credentials><con:jmsConfig JMSDeliveryMode="PERSISTENT"/><con:jmsPropertyConfig/><con:parameters/></con:request></con:method></con:resource><con:resource name="20999" path="20999" id="4b2fa1ce-370a-4f35-b54e-5944e8d43cdd"><con:settings/><con:parameters/><con:method name="deleteData" id="2a45d629-9988-4148-b24e-45114c97322e" method="DELETE"><con:settings/><con:parameters/><con:representation type="RESPONSE"><con:mediaType xsi:nil="true"/><con:status>200</con:status><con:params/><con:element>data</con:element></con:representation><con:representation type="REQUEST"><con:mediaType>application/json</con:mediaType><con:params/></con:representation><con:representation type="RESPONSE"><con:mediaType xsi:nil="true"/><con:status>200</con:status><con:params/><con:element>data</con:element></con:representation><con:representation type="RESPONSE"><con:mediaType xsi:nil="true"/><con:status>200</con:status><con:params/><con:element>data</con:element></con:representation><con:representation type="RESPONSE"><con:mediaType xsi:nil="true"/><con:status>200</con:status><con:params/><con:element>data</con:element></con:representation><con:representation type="RESPONSE"><con:mediaType xsi:nil="true"/><con:status>200</con:status><con:params/><con:element>data</con:element></con:representation><con:representation type="RESPONSE"><con:mediaType xsi:nil="true"/><con:status>200</con:status><con:params/><con:element>data</con:element></con:representation><con:representation type="RESPONSE"><con:mediaType xsi:nil="true"/><con:status>200</con:status><con:params/><con:element>data</con:element></con:representation><con:representation type="RESPONSE"><con:mediaType xsi:nil="true"/><con:status>200</con:status><con:params/><con:element>data</con:element></con:representation><con:representation type="RESPONSE"><con:mediaType xsi:nil="true"/><con:status>200</con:status><con:params/><con:element>data</con:element></con:representation><con:representation type="FAULT"><con:mediaType>text/html</con:mediaType><con:status>404</con:status><con:params/><con:element xmlns:xht="http://www.w3.org/1999/xhtml">xht:html</con:element></con:representation><con:request name="Request-OK" id="f88ae118-6c6c-44cc-a7c3-5072b5f2c14a" mediaType="application/json" postQueryString="false"><con:settings><con:setting id="com.eviware.soapui.impl.wsdl.WsdlRequest@request-headers">&lt;xml-fragment/></con:setting></con:settings><con:endpoint>http://localhost:8080</con:endpoint><con:request/><con:originalUri>http://localhost/kata-rest/services/weatherdata/20999</con:originalUri><con:credentials><con:authType>No Authorization</con:authType></con:credentials><con:jmsConfig JMSDeliveryMode="PERSISTENT"/><con:jmsPropertyConfig/><con:parameters/></con:request></con:method></con:resource><con:method name="storeNewData" id="c419731e-4da8-44d6-9d7c-a4c210866acb" method="POST"><con:settings/><con:parameters/><con:representation type="REQUEST"><con:mediaType>application/json</con:mediaType><con:params/></con:representation><con:representation type="RESPONSE"><con:mediaType xsi:nil="true"/><con:status>201</con:status><con:params/><con:element>data</con:element></con:representation><con:representation type="RESPONSE"><con:mediaType xsi:nil="true"/><con:status>201</con:status><con:params/><con:element>data</con:element></con:representation><con:representation type="FAULT"><con:mediaType>text/html</con:mediaType><con:status>400</con:status><con:params/><con:element xmlns:xht="http://www.w3.org/1999/xhtml">xht:html</con:element></con:representation><con:representation type="RESPONSE"><con:mediaType xsi:nil="true"/><con:status>201</con:status><con:params/><con:element>data</con:element></con:representation><con:request name="Request-OK" id="051b3ec7-c6b4-472a-ac40-bcc229cdeb5c" mediaType="application/json" postQueryString="false"><con:settings><con:setting id="com.eviware.soapui.impl.wsdl.WsdlRequest@request-headers">&lt;xml-fragment/></con:setting></con:settings><con:endpoint>http://localhost:8080</con:endpoint><con:request>{
   "atmosphericPressure": 1010.95,
   "density": 2.8,
   "temperature": 18.6,
   "windDirection": 30,
   "windSpeed": 0
}</con:request><con:originalUri>http://localhost/kata-rest/services</con:originalUri><con:credentials><con:authType>No Authorization</con:authType></con:credentials><con:jmsConfig JMSDeliveryMode="PERSISTENT"/><con:jmsPropertyConfig/><con:parameters/></con:request><con:request name="BadRequest" id="1945d71c-43d5-4347-b7b5-7c746f341984" mediaType="application/json" postQueryString="false"><con:settings><con:setting id="com.eviware.soapui.impl.wsdl.WsdlRequest@request-headers">&lt;xml-fragment/></con:setting></con:settings><con:endpoint>http://localhost:8080</con:endpoint><con:request>{
   "id": 333,
   "atmosphericPressure": 1010.95,
   "density": 2.8,
   "temperature": 18.6,
   "windDirection": 30,
   "windSpeed": 0
}</con:request><con:originalUri>http://localhost/kata-rest/services/weatherdata</con:originalUri><con:credentials><con:authType>No Authorization</con:authType></con:credentials><con:jmsConfig JMSDeliveryMode="PERSISTENT"/><con:jmsPropertyConfig/><con:parameters/></con:request></con:method><con:method name="findAll" id="59651a61-6b9e-4a9a-8573-b0b8f614a771" method="GET"><con:settings/><con:parameters/><con:representation type="RESPONSE"><con:mediaType>application/json</con:mediaType><con:status>200</con:status><con:params/><con:element>Response</con:element></con:representation><con:representation type="RESPONSE"><con:mediaType xsi:nil="true"/><con:status>0</con:status><con:params/><con:element>data</con:element></con:representation><con:representation type="FAULT"><con:mediaType>text/html</con:mediaType><con:status>406 500</con:status><con:params/><con:element xmlns:xht="http://www.w3.org/1999/xhtml">xht:html</con:element></con:representation><con:request name="Request-OK" id="edc0a24b-9dbe-4de8-87dd-a555af9f183a" mediaType="application/json"><con:settings><con:setting id="com.eviware.soapui.impl.wsdl.WsdlRequest@request-headers">&lt;entry key="Accept" value="application/json" xmlns="http://eviware.com/soapui/config"/></con:setting></con:settings><con:endpoint>http://localhost:8080</con:endpoint><con:request/><con:originalUri>http://localhost/kata-rest/services/weatherdata</con:originalUri><con:credentials><con:authType>No Authorization</con:authType></con:credentials><con:jmsConfig JMSDeliveryMode="PERSISTENT"/><con:jmsPropertyConfig/><con:parameters/></con:request></con:method></con:resource></con:interface><con:testSuite id="9e98a7b1-f88f-4502-b44e-c3a5c49b79bc" name="TestSuite"><con:settings/><con:runType>SEQUENTIAL</con:runType><con:testCase id="9497dc1a-778b-4dd6-a49a-f7529f7069dc" failOnError="true" failTestCaseOnErrors="true" keepSession="false" maxResults="0" name="TestCase" searchProperties="true"><con:settings/><con:testStep type="restrequest" name="findAll - Request-OK" id="abb1aedc-a633-4d8f-8365-158b5a4d0da2"><con:settings/><con:config service="http://localhost:8080" resourcePath="/kata-rest/services/weatherdata" methodName="findAll" xsi:type="con:RestRequestStep" xmlns:xsi="http://www.w3.org/2001/XMLSchema-instance"><con:restRequest name="findAll - Request-OK" id="edc0a24b-9dbe-4de8-87dd-a555af9f183a" mediaType="application/json"><con:settings><con:setting id="com.eviware.soapui.impl.wsdl.WsdlRequest@request-headers">&lt;entry key="Accept" value="application/json" xmlns="http://eviware.com/soapui/config"/></con:setting></con:settings><con:endpoint>http://localhost:8080</con:endpoint><con:request/><con:originalUri>http://localhost/kata-rest/services/weatherdata</con:originalUri><con:assertion type="Valid HTTP Status Codes" id="2d0405bc-272c-4be1-a846-859ea77f30f9" name="Valid HTTP Status Codes"><con:configuration><codes>200</codes></con:configuration></con:assertion><con:assertion type="GroovyScriptAssertion" id="2e8b9988-dfa1-4b16-8878-f969d86c2638" name="Script Assertion"><con:configuration><scriptText>assert messageExchange.responseHeaders["Content-Type"][0] == "application/json"</scriptText></con:configuration></con:assertion><con:assertion type="JsonPath Count" id="ce871558-1ee5-43ee-b7cc-65a6cf4fdd27" name="JsonPath Count"><con:configuration><path>$</path><content>2</content><allowWildcards>false</allowWildcards><ignoreNamspaceDifferences>false</ignoreNamspaceDifferences><ignoreComments>false</ignoreComments></con:configuration></con:assertion><con:credentials><con:authType>No Authorization</con:authType></con:credentials><con:jmsConfig JMSDeliveryMode="PERSISTENT"/><con:jmsPropertyConfig/><con:parameters/></con:restRequest></con:config></con:testStep><con:testStep type="restrequest" name="findAll - NotAcceptable" id="8df2419d-865b-46b0-b879-d74657978388"><con:settings/><con:config service="http://localhost:8080" resourcePath="/kata-rest/services/weatherdata" methodName="findAll" xsi:type="con:RestRequestStep" xmlns:xsi="http://www.w3.org/2001/XMLSchema-instance"><con:restRequest name="findAll - NotAcceptable" id="edc0a24b-9dbe-4de8-87dd-a555af9f183a" mediaType="application/json"><con:settings><con:setting id="com.eviware.soapui.impl.wsdl.WsdlRequest@request-headers">&lt;entry key="Accept" value="text/xml" xmlns="http://eviware.com/soapui/config"/></con:setting></con:settings><con:endpoint>http://localhost:8080</con:endpoint><con:request/><con:originalUri>http://localhost/kata-rest/services/weatherdata</con:originalUri><con:assertion type="Valid HTTP Status Codes" id="2d0405bc-272c-4be1-a846-859ea77f30f9" name="Valid HTTP Status Codes"><con:configuration><codes>406</codes></con:configuration></con:assertion><con:credentials><con:authType>No Authorization</con:authType></con:credentials><con:jmsConfig JMSDeliveryMode="PERSISTENT"/><con:jmsPropertyConfig/><con:parameters/></con:restRequest></con:config></con:testStep><con:testStep type="restrequest" name="findExistData - Request-OK" id="9cfed455-073f-46f6-9191-02c6312a3318"><con:settings/><con:config service="http://localhost:8080" resourcePath="/kata-rest/services/weatherdata/20987" methodName="findExistData" xsi:type="con:RestRequestStep" xmlns:xsi="http://www.w3.org/2001/XMLSchema-instance"><con:restRequest name="findExistData - Request-OK" id="ed5e19ed-87ac-4889-af5a-3dc1a2b48497" mediaType="application/json"><con:settings><con:setting id="com.eviware.soapui.impl.wsdl.WsdlRequest@request-headers">&lt;entry key="Accept" value="application/json" xmlns="http://eviware.com/soapui/config"/></con:setting></con:settings><con:endpoint>http://localhost:8080</con:endpoint><con:request/><con:originalUri>http://localhost/kata-rest/services/20987</con:originalUri><con:assertion type="Valid HTTP Status Codes" id="33f87463-9941-4c9f-9126-4ac185834c28" name="Valid HTTP Status Codes"><con:configuration><codes>200</codes></con:configuration></con:assertion><con:assertion type="JsonPath Match" id="4484f30c-24aa-44c3-bd19-c953e844c189" name="JsonPath Match"><con:configuration><path>$.id</path><content>20987</content><allowWildcards>false</allowWildcards><ignoreNamspaceDifferences>false</ignoreNamspaceDifferences><ignoreComments>false</ignoreComments></con:configuration></con:assertion><con:credentials><con:authType>No Authorization</con:authType></con:credentials><con:jmsConfig JMSDeliveryMode="PERSISTENT"/><con:jmsPropertyConfig/><con:parameters/></con:restRequest></con:config></con:testStep><con:testStep type="restrequest" name="findExistData - NotFound" id="04541c93-0909-4b0f-85be-cc18a159b73e"><con:settings/><con:config service="http://localhost:8080" resourcePath="/kata-rest/services/weatherdata/33333" methodName="findExistData" xsi:type="con:RestRequestStep" xmlns:xsi="http://www.w3.org/2001/XMLSchema-instance"><con:restRequest name="findExistData - NotFound" id="683a46f2-361c-4ae7-9570-fcc0a6ca8cd5" mediaType="application/json"><con:settings><con:setting id="com.eviware.soapui.impl.wsdl.WsdlRequest@request-headers">&lt;entry key="Accept" value="application/json" xmlns="http://eviware.com/soapui/config"/></con:setting></con:settings><con:endpoint>http://localhost:8080</con:endpoint><con:request/><con:originalUri>http://localhost/kata-rest/services/33333</con:originalUri><con:assertion type="Valid HTTP Status Codes" id="d345062a-ccb5-474f-831a-fe5c249ebf76" name="Valid HTTP Status Codes"><con:configuration><codes>404</codes></con:configuration></con:assertion><con:credentials><con:authType>No Authorization</con:authType></con:credentials><con:jmsConfig JMSDeliveryMode="PERSISTENT"/><con:jmsPropertyConfig/><con:parameters/></con:restRequest></con:config></con:testStep><con:testStep type="restrequest" name="storeNewData - POST - Request-OK" id="32dfbfac-21c0-4bba-97e4-931daf471718"><con:settings/><con:config service="http://localhost:8080" resourcePath="/kata-rest/services/weatherdata" methodName="storeNewData" xsi:type="con:RestRequestStep" xmlns:xsi="http://www.w3.org/2001/XMLSchema-instance"><con:restRequest name="storeNewData - POST - Request-OK" id="051b3ec7-c6b4-472a-ac40-bcc229cdeb5c" mediaType="application/json" postQueryString="false"><con:settings><con:setting id="com.eviware.soapui.impl.wsdl.WsdlRequest@request-headers">&lt;xml-fragment/></con:setting></con:settings><con:endpoint>http://localhost:8080</con:endpoint><con:request>{
   "atmosphericPressure": 1010.95,
   "density": 2.8,
   "temperature": 18.6,
   "windDirection": 30,
   "windSpeed": 0
}</con:request><con:originalUri>http://localhost/kata-rest/services</con:originalUri><con:assertion type="Valid HTTP Status Codes" id="89da84b6-63c9-4c1d-8d00-95d66d812c55" name="Valid HTTP Status Codes"><con:configuration><codes>201</codes></con:configuration></con:assertion><con:assertion type="GroovyScriptAssertion" id="e2fae7fa-8710-4f54-a7c6-62495d7614e8" name="Script Assertion"><con:configuration><scriptText>assert messageExchange.responseHeaders["Location"] != null
assert messageExchange.responseHeaders["Location"][0].startsWith('http://') == true</scriptText></con:configuration></con:assertion><con:credentials><con:authType>No Authorization</con:authType></con:credentials><con:jmsConfig JMSDeliveryMode="PERSISTENT"/><con:jmsPropertyConfig/><con:parameters/></con:restRequest></con:config></con:testStep><con:testStep type="restrequest" name="storeNewData - POST - BadRequest" id="f282edf8-fed3-4b53-b29e-22dd0d4086d0"><con:settings/><con:config service="http://localhost:8080" resourcePath="/kata-rest/services/weatherdata" methodName="storeNewData" xsi:type="con:RestRequestStep" xmlns:xsi="http://www.w3.org/2001/XMLSchema-instance"><con:restRequest name="storeNewData - POST - BadRequest" id="1945d71c-43d5-4347-b7b5-7c746f341984" mediaType="application/json" postQueryString="false"><con:settings><con:setting id="com.eviware.soapui.impl.wsdl.WsdlRequest@request-headers">&lt;xml-fragment/></con:setting></con:settings><con:endpoint>http://localhost:8080</con:endpoint><con:request>{
   "id": 333,
   "atmosphericPressure": 1010.95,
   "density": 2.8,
   "temperature": 18.6,
   "windDirection": 30,
   "windSpeed": 0
}</con:request><con:originalUri>http://localhost/kata-rest/services/weatherdata</con:originalUri><con:assertion type="Valid HTTP Status Codes" id="f81d7a1b-3451-4b87-a33b-729347dfd01e" name="Valid HTTP Status Codes"><con:configuration><codes>400</codes></con:configuration></con:assertion><con:credentials><con:authType>No Authorization</con:authType></con:credentials><con:jmsConfig JMSDeliveryMode="PERSISTENT"/><con:jmsPropertyConfig/><con:parameters/></con:restRequest></con:config></con:testStep><con:testStep type="restrequest" name="updateData - PUT - Request-OK" id="30bbbf95-7e26-4fd5-bbbd-6ed9b6541b34"><con:settings/><con:config service="http://localhost:8080" resourcePath="/kata-rest/services/weatherdata/20987" methodName="updateData" xsi:type="con:RestRequestStep" xmlns:xsi="http://www.w3.org/2001/XMLSchema-instance"><con:restRequest name="updateData - PUT - Request-OK" id="dfd001ff-3ea2-4928-b5f9-05c42d4e370e" mediaType="application/json" postQueryString="false"><con:settings><con:setting id="com.eviware.soapui.impl.wsdl.WsdlRequest@request-headers">&lt;xml-fragment/></con:setting></con:settings><con:endpoint>http://localhost:8080</con:endpoint><con:request>{
   "id": 20987,
   "atmosphericPressure": 1000.67,
   "density": 2.6,
   "temperature": 20.4,
   "windDirection": 45,
   "windSpeed": 12.11
}</con:request><con:originalUri>http://localhost/kata-rest/services/weatherdata/20987</con:originalUri><con:assertion type="Valid HTTP Status Codes" id="a6edbae6-7e4b-45da-9352-6e6800420b3b" name="Valid HTTP Status Codes"><con:configuration><codes>200</codes></con:configuration></con:assertion><con:credentials><con:authType>No Authorization</con:authType></con:credentials><con:jmsConfig JMSDeliveryMode="PERSISTENT"/><con:jmsPropertyConfig/><con:parameters/></con:restRequest></con:config></con:testStep><con:testStep type="restrequest" name="updateData - PUT - BadRequest" id="3e6e59af-e784-420f-8eb1-6c19d2dc2441"><con:settings/><con:config service="http://localhost:8080" resourcePath="/kata-rest/services/weatherdata/20987" methodName="updateData" xsi:type="con:RestRequestStep" xmlns:xsi="http://www.w3.org/2001/XMLSchema-instance"><con:restRequest name="updateData - PUT - BadRequest" id="dfd001ff-3ea2-4928-b5f9-05c42d4e370e" mediaType="application/json" postQueryString="false"><con:settings><con:setting id="com.eviware.soapui.impl.wsdl.WsdlRequest@request-headers">&lt;xml-fragment/></con:setting></con:settings><con:endpoint>http://localhost:8080</con:endpoint><con:request>{
   "id": 11111,
   "atmosphericPressure": 1000.67,
   "density": 2.6,
   "temperature": 20.4,
   "windDirection": 45,
   "windSpeed": 12.11
}</con:request><con:originalUri>http://localhost/kata-rest/services/20987</con:originalUri><con:assertion type="Valid HTTP Status Codes" id="e0eb909c-8197-40da-9107-53c792b36720" name="Valid HTTP Status Codes"><con:configuration><codes>400</codes></con:configuration></con:assertion><con:credentials><con:authType>No Authorization</con:authType></con:credentials><con:jmsConfig JMSDeliveryMode="PERSISTENT"/><con:jmsPropertyConfig/><con:parameters/></con:restRequest></con:config></con:testStep><con:testStep type="restrequest" name="storeNewData - PUT - Created" id="add56595-26dc-47ee-8cca-dbc07ceb68ce"><con:settings/><con:config service="http://localhost:8080" resourcePath="/kata-rest/services/weatherdata/588" methodName="storeNewData" xsi:type="con:RestRequestStep" xmlns:xsi="http://www.w3.org/2001/XMLSchema-instance"><con:restRequest name="storeNewData - PUT - Created" id="fb46106a-0819-4f2c-8a8b-bb13325795b6" mediaType="application/json" postQueryString="false"><con:settings><con:setting id="com.eviware.soapui.impl.wsdl.WsdlRequest@request-headers">&lt;xml-fragment/></con:setting></con:settings><con:endpoint>http://localhost:8080</con:endpoint><con:request>{
   "id": 588,
   "atmosphericPressure": 1022.1,
   "density": 2.9,
   "temperature": 0.4,
   "windDirection": 0,
   "windSpeed": 12.33
}</con:request><con:originalUri>http://localhost/kata-rest/services/588</con:originalUri><con:assertion type="Valid HTTP Status Codes" id="3e9ff531-faa0-4673-839e-d22022562452" name="Valid HTTP Status Codes"><con:configuration><codes>201</codes></con:configuration></con:assertion><con:assertion type="GroovyScriptAssertion" id="95865706-6a00-4c3f-a51c-1d6e75eae0f1" name="Script Assertion"><con:configuration><scriptText>assert messageExchange.responseHeaders["Location"] != null
assert messageExchange.responseHeaders["Location"][0].startsWith('http://') == true
assert messageExchange.responseHeaders["Location"][0].endsWith('/588') == true</scriptText></con:configuration></con:assertion><con:credentials><con:authType>No Authorization</con:authType></con:credentials><con:jmsConfig JMSDeliveryMode="PERSISTENT"/><con:jmsPropertyConfig/><con:parameters/></con:restRequest></con:config></con:testStep><con:testStep type="restrequest" name="storeNewData - PUT - Request-OK" id="ad4c1b67-afc0-428a-9646-9df2244efd65"><con:settings/><con:config service="http://localhost:8080" resourcePath="/kata-rest/services/weatherdata/588" methodName="storeNewData" xsi:type="con:RestRequestStep" xmlns:xsi="http://www.w3.org/2001/XMLSchema-instance"><con:restRequest name="storeNewData - PUT - Request-OK" id="fb46106a-0819-4f2c-8a8b-bb13325795b6" mediaType="application/json" postQueryString="false"><con:settings><con:setting id="com.eviware.soapui.impl.wsdl.WsdlRequest@request-headers">&lt;xml-fragment/></con:setting></con:settings><con:endpoint>http://localhost:8080</con:endpoint><con:request>{
   "id": 588,
   "atmosphericPressure": 1022.1,
   "density": 2.9,
   "temperature": 0.4,
   "windDirection": 0,
   "windSpeed": 12.33
}</con:request><con:originalUri>http://localhost/kata-rest/services/588</con:originalUri><con:assertion type="Valid HTTP Status Codes" id="3e9ff531-faa0-4673-839e-d22022562452" name="Valid HTTP Status Codes"><con:configuration><codes>200</codes></con:configuration></con:assertion><con:credentials><con:authType>No Authorization</con:authType></con:credentials><con:jmsConfig JMSDeliveryMode="PERSISTENT"/><con:jmsPropertyConfig/><con:parameters/></con:restRequest></con:config></con:testStep><con:testStep type="restrequest" name="storeNewData - PUT - BadRequest" id="cb7a3baa-2870-4b89-9333-ba136aae30c3"><con:settings/><con:config service="http://localhost:8080" resourcePath="/kata-rest/services/weatherdata/588" methodName="storeNewData" xsi:type="con:RestRequestStep" xmlns:xsi="http://www.w3.org/2001/XMLSchema-instance"><con:restRequest name="storeNewData - PUT - BadRequest" id="fb46106a-0819-4f2c-8a8b-bb13325795b6" mediaType="application/json" postQueryString="false"><con:settings><con:setting id="com.eviware.soapui.impl.wsdl.WsdlRequest@request-headers">&lt;xml-fragment/></con:setting></con:settings><con:endpoint>http://localhost:8080</con:endpoint><con:request>{
   "id": 888,
   "atmosphericPressure": 1022.1,
   "density": 2.9,
   "temperature": 0.4,
   "windDirection": 0,
   "windSpeed": 12.33
}</con:request><con:originalUri>http://localhost/kata-rest/services/588</con:originalUri><con:assertion type="Valid HTTP Status Codes" id="3e9ff531-faa0-4673-839e-d22022562452" name="Valid HTTP Status Codes"><con:configuration><codes>400</codes></con:configuration></con:assertion><con:credentials><con:authType>No Authorization</con:authType></con:credentials><con:jmsConfig JMSDeliveryMode="PERSISTENT"/><con:jmsPropertyConfig/><con:parameters/></con:restRequest></con:config></con:testStep><con:testStep type="restrequest" name="deleteData - Request-OK" id="1cb92697-01ae-4b70-9feb-01daed2544e5"><con:settings/><con:config service="http://localhost:8080" resourcePath="/kata-rest/services/weatherdata/20999" methodName="deleteData" xsi:type="con:RestRequestStep" xmlns:xsi="http://www.w3.org/2001/XMLSchema-instance"><con:restRequest name="deleteData - Request-OK" id="f88ae118-6c6c-44cc-a7c3-5072b5f2c14a" mediaType="application/json" postQueryString="false"><con:settings><con:setting id="com.eviware.soapui.impl.wsdl.WsdlRequest@request-headers">&lt;xml-fragment/></con:setting></con:settings><con:endpoint>http://localhost:8080</con:endpoint><con:request/><con:originalUri>http://localhost/kata-rest/services/weatherdata/20999</con:originalUri><con:assertion type="Valid HTTP Status Codes" id="9add279c-3679-4daa-8720-35e59888424b" name="Valid HTTP Status Codes"><con:configuration><codes>200</codes></con:configuration></con:assertion><con:credentials><con:authType>No Authorization</con:authType></con:credentials><con:jmsConfig JMSDeliveryMode="PERSISTENT"/><con:jmsPropertyConfig/><con:parameters/></con:restRequest></con:config></con:testStep><con:testStep type="restrequest" name="deleteData - NotFound" id="c2ae2d22-d886-4c67-82dd-6ed4b00d0479"><con:settings/><con:config service="http://localhost:8080" resourcePath="/kata-rest/services/weatherdata/20999" methodName="deleteData" xsi:type="con:RestRequestStep" xmlns:xsi="http://www.w3.org/2001/XMLSchema-instance"><con:restRequest name="deleteData - NotFound" id="f88ae118-6c6c-44cc-a7c3-5072b5f2c14a" mediaType="application/json" postQueryString="false"><con:settings><con:setting id="com.eviware.soapui.impl.wsdl.WsdlRequest@request-headers">&lt;xml-fragment/></con:setting></con:settings><con:endpoint>http://localhost:8080</con:endpoint><con:request/><con:originalUri>http://localhost/kata-rest/services/weatherdata/20999</con:originalUri><con:assertion type="Valid HTTP Status Codes" id="9add279c-3679-4daa-8720-35e59888424b" name="Valid HTTP Status Codes"><con:configuration><codes>404</codes></con:configuration></con:assertion><con:credentials><con:authType>No Authorization</con:authType></con:credentials><con:jmsConfig JMSDeliveryMode="PERSISTENT"/><con:jmsPropertyConfig/><con:parameters/></con:restRequest></con:config></con:testStep><con:properties/></con:testCase><con:properties/></con:testSuite><con:properties/><con:wssContainer/><con:oAuth2ProfileContainer/><con:oAuth1ProfileContainer/></con:soapui-project>